<?xml version="1.0" encoding="UTF-8"?><rss version="2.0"
	xmlns:content="http://purl.org/rss/1.0/modules/content/"
	xmlns:dc="http://purl.org/dc/elements/1.1/"
	xmlns:atom="http://www.w3.org/2005/Atom"
	xmlns:sy="http://purl.org/rss/1.0/modules/syndication/"
	
	xmlns:georss="http://www.georss.org/georss"
	xmlns:geo="http://www.w3.org/2003/01/geo/wgs84_pos#"
	
	>
<channel>
	<title>
	Comments on: Anagram Kata (Strikes Back)	</title>
	<atom:link href="/kata/anagram-kata-strikes-back/feed/" rel="self" type="application/rss+xml" />
	<link>/kata/anagram-kata-strikes-back/</link>
	<description>A user group for Agile, XP, Software Craftsmanship and Software Development, based in Stafford</description>
	<lastBuildDate>Thu, 13 Mar 2014 23:03:44 +0000</lastBuildDate>
	<sy:updatePeriod>
	hourly	</sy:updatePeriod>
	<sy:updateFrequency>
	1	</sy:updateFrequency>
	<generator>https://wordpress.org/?v=5.6</generator>
	<item>
		<title>
		By: Agile Staffordshire March 2014 &#124; Trevweb		</title>
		<link>/kata/anagram-kata-strikes-back/#comment-4226</link>

		<dc:creator><![CDATA[Agile Staffordshire March 2014 &#124; Trevweb]]></dc:creator>
		<pubDate>Thu, 13 Mar 2014 23:03:44 +0000</pubDate>
		<guid isPermaLink="false">/?p=631#comment-4226</guid>

					<description><![CDATA[[&#8230;] getting together to cut code and talk about it! If that sounds like your thing, take a look at the March blog post for more [&#8230;]]]></description>
			<content:encoded><![CDATA[<p>[&#8230;] getting together to cut code and talk about it! If that sounds like your thing, take a look at the March blog post for more [&#8230;]</p>
]]></content:encoded>
		
			</item>
	</channel>
</rss>
