<?xml version="1.0" encoding="UTF-8"?><rss version="2.0"
	xmlns:content="http://purl.org/rss/1.0/modules/content/"
	xmlns:dc="http://purl.org/dc/elements/1.1/"
	xmlns:atom="http://www.w3.org/2005/Atom"
	xmlns:sy="http://purl.org/rss/1.0/modules/syndication/"
	
	xmlns:georss="http://www.georss.org/georss"
	xmlns:geo="http://www.w3.org/2003/01/geo/wgs84_pos#"
	
	>
<channel>
	<title>
	Comments on: August 2013 &#8211; Some RESTful coding	</title>
	<atom:link href="/agilestaffordshire/agile/august-2013-some-restful-coding/feed/" rel="self" type="application/rss+xml" />
	<link>/agilestaffordshire/agile/august-2013-some-restful-coding/</link>
	<description>A user group for Agile, XP, Software Craftsmanship and Software Development, based in Stafford</description>
	<lastBuildDate>Wed, 28 Aug 2013 23:34:12 +0000</lastBuildDate>
	<sy:updatePeriod>
	hourly	</sy:updatePeriod>
	<sy:updateFrequency>
	1	</sy:updateFrequency>
	<generator>https://wordpress.org/?v=5.6</generator>
	<item>
		<title>
		By: Trevor Adams		</title>
		<link>/agilestaffordshire/agile/august-2013-some-restful-coding/#comment-3326</link>

		<dc:creator><![CDATA[Trevor Adams]]></dc:creator>
		<pubDate>Wed, 28 Aug 2013 23:34:12 +0000</pubDate>
		<guid isPermaLink="false">/agilestaffordshire/?p=511#comment-3326</guid>

					<description><![CDATA[I feel like I&#039;ve been away far too long. I am looking forward to seeing you all this month!]]></description>
			<content:encoded><![CDATA[<p>I feel like I&#8217;ve been away far too long. I am looking forward to seeing you all this month!</p>
]]></content:encoded>
		
			</item>
	</channel>
</rss>
