<?xml version="1.0" encoding="UTF-8"?><rss version="2.0"
	xmlns:content="http://purl.org/rss/1.0/modules/content/"
	xmlns:dc="http://purl.org/dc/elements/1.1/"
	xmlns:atom="http://www.w3.org/2005/Atom"
	xmlns:sy="http://purl.org/rss/1.0/modules/syndication/"
	
	xmlns:georss="http://www.georss.org/georss"
	xmlns:geo="http://www.w3.org/2003/01/geo/wgs84_pos#"
	
	>
<channel>
	<title>
	Comments on: October 2012 &#8211; Minisculus	</title>
	<atom:link href="/agile/october-2012-minisculus/feed/" rel="self" type="application/rss+xml" />
	<link>/agile/october-2012-minisculus/</link>
	<description>A user group for Agile, XP, Software Craftsmanship and Software Development, based in Stafford</description>
	<lastBuildDate>Tue, 19 Feb 2013 23:05:01 +0000</lastBuildDate>
	<sy:updatePeriod>
	hourly	</sy:updatePeriod>
	<sy:updateFrequency>
	1	</sy:updateFrequency>
	<generator>https://wordpress.org/?v=5.6</generator>
	<item>
		<title>
		By: Agile Staffordshire &#8211; October 2012 &#124; Trevweb		</title>
		<link>/agile/october-2012-minisculus/#comment-19</link>

		<dc:creator><![CDATA[Agile Staffordshire &#8211; October 2012 &#124; Trevweb]]></dc:creator>
		<pubDate>Wed, 24 Oct 2012 14:47:54 +0000</pubDate>
		<guid isPermaLink="false">http://agilestaffordshire.org/?p=301#comment-19</guid>

					<description><![CDATA[[...]  by  Trevor  &#8212;   No Comments &#8595;     A quick post about Agile Staffordshire. There is a session on Thursday 24th October 2012 at the Pie &#038; Ale House in Stafford. This month it is the Minisculus challenge. I shall not [...]]]></description>
			<content:encoded><![CDATA[<p>[&#8230;]  by  Trevor  &mdash;   No Comments &darr;     A quick post about Agile Staffordshire. There is a session on Thursday 24th October 2012 at the Pie &amp; Ale House in Stafford. This month it is the Minisculus challenge. I shall not [&#8230;]</p>
]]></content:encoded>
		
			</item>
	</channel>
</rss>
