<?xml version="1.0" encoding="UTF-8"?><rss version="2.0"
	xmlns:content="http://purl.org/rss/1.0/modules/content/"
	xmlns:dc="http://purl.org/dc/elements/1.1/"
	xmlns:atom="http://www.w3.org/2005/Atom"
	xmlns:sy="http://purl.org/rss/1.0/modules/syndication/"
	
	xmlns:georss="http://www.georss.org/georss"
	xmlns:geo="http://www.w3.org/2003/01/geo/wgs84_pos#"
	
	>
<channel>
	<title>
	Comments on: vi with Agile Staffordshire	</title>
	<atom:link href="/agilestaffordshire/events/vi-with-agile-staffordshire/feed/" rel="self" type="application/rss+xml" />
	<link>/agilestaffordshire/events/vi-with-agile-staffordshire/</link>
	<description>A user group for Agile, XP, Software Craftsmanship and Software Development, based in Stafford</description>
	<lastBuildDate>Tue, 20 Aug 2019 10:22:04 +0000</lastBuildDate>
	<sy:updatePeriod>
	hourly	</sy:updatePeriod>
	<sy:updateFrequency>
	1	</sy:updateFrequency>
	<generator>https://wordpress.org/?v=5.6</generator>
	<item>
		<title>
		By: Learn vi with Agile Staffordshire &#124; Trevweb		</title>
		<link>/agilestaffordshire/events/vi-with-agile-staffordshire/#comment-70872</link>

		<dc:creator><![CDATA[Learn vi with Agile Staffordshire &#124; Trevweb]]></dc:creator>
		<pubDate>Thu, 26 Mar 2015 12:53:06 +0000</pubDate>
		<guid isPermaLink="false">/agilestaffordshire/events/vi-with-agile-staffordshire/#comment-70872</guid>

					<description><![CDATA[[&#8230;] Learning how to use a tool is one of the best value-for-time activities for a software developer. Vi isn&#8217;t a new tool; on the contrary it has a long and distinguished history as an editor. There&#8217;s a real treat planned this evening with Agile Staffordshire and I encourage you to stop by and join in. Details are available on the Agile Staffordshire Blog. [&#8230;]]]></description>
			<content:encoded><![CDATA[<p>[&#8230;] Learning how to use a tool is one of the best value-for-time activities for a software developer. Vi isn&#8217;t a new tool; on the contrary it has a long and distinguished history as an editor. There&#8217;s a real treat planned this evening with Agile Staffordshire and I encourage you to stop by and join in. Details are available on the Agile Staffordshire Blog. [&#8230;]</p>
]]></content:encoded>
		
			</item>
	</channel>
</rss>
