<?xml version="1.0" encoding="UTF-8"?><rss version="2.0"
	xmlns:content="http://purl.org/rss/1.0/modules/content/"
	xmlns:dc="http://purl.org/dc/elements/1.1/"
	xmlns:atom="http://www.w3.org/2005/Atom"
	xmlns:sy="http://purl.org/rss/1.0/modules/syndication/"
	
	xmlns:georss="http://www.georss.org/georss"
	xmlns:geo="http://www.w3.org/2003/01/geo/wgs84_pos#"
	
	>
<channel>
	<title>
	Comments on: September 2013 &#8211; First Contact	</title>
	<atom:link href="/agilestaffordshire/agile/september-2013-first-contact/feed/" rel="self" type="application/rss+xml" />
	<link>/agilestaffordshire/agile/september-2013-first-contact/</link>
	<description>A user group for Agile, XP, Software Craftsmanship and Software Development, based in Stafford</description>
	<lastBuildDate>Thu, 10 Oct 2013 19:36:04 +0000</lastBuildDate>
	<sy:updatePeriod>
	hourly	</sy:updatePeriod>
	<sy:updateFrequency>
	1	</sy:updateFrequency>
	<generator>https://wordpress.org/?v=5.6</generator>
	<item>
		<title>
		By: Neil Kidd		</title>
		<link>/agilestaffordshire/agile/september-2013-first-contact/#comment-3479</link>

		<dc:creator><![CDATA[Neil Kidd]]></dc:creator>
		<pubDate>Thu, 10 Oct 2013 19:36:04 +0000</pubDate>
		<guid isPermaLink="false">/agilestaffordshire/?p=519#comment-3479</guid>

					<description><![CDATA[In reply to &lt;a href=&quot;/agilestaffordshire/agile/september-2013-first-contact/#comment-3460&quot;&gt;Trevor Adams&lt;/a&gt;.

Hi Trevor,
We missed you too! It would be great to see you - as it happens we didn&#039;t do as we planned. See the &lt;a href=&quot;/agilestaffordshire/agile/september-2013-retrospective/&quot; title=&quot;September 2013 – Retrospective&quot; target=&quot;_blank&quot; rel=&quot;nofollow&quot;&gt;follow up post&lt;/a&gt; for more info.
We have a guest speaker lined up for October - announcement coming soon.

Neil.]]></description>
			<content:encoded><![CDATA[<p>In reply to <a href="/agilestaffordshire/agile/september-2013-first-contact/#comment-3460">Trevor Adams</a>.</p>
<p>Hi Trevor,<br />
We missed you too! It would be great to see you &#8211; as it happens we didn&#8217;t do as we planned. See the <a href="/agilestaffordshire/agile/september-2013-retrospective/" title="September 2013 – Retrospective" target="_blank" rel="nofollow">follow up post</a> for more info.<br />
We have a guest speaker lined up for October &#8211; announcement coming soon.</p>
<p>Neil.</p>
]]></content:encoded>
		
			</item>
		<item>
		<title>
		By: Trevor Adams		</title>
		<link>/agilestaffordshire/agile/september-2013-first-contact/#comment-3460</link>

		<dc:creator><![CDATA[Trevor Adams]]></dc:creator>
		<pubDate>Sat, 28 Sep 2013 21:30:59 +0000</pubDate>
		<guid isPermaLink="false">/agilestaffordshire/?p=519#comment-3460</guid>

					<description><![CDATA[I&#039;m really gutted that I missed this session. How did it go?]]></description>
			<content:encoded><![CDATA[<p>I&#8217;m really gutted that I missed this session. How did it go?</p>
]]></content:encoded>
		
			</item>
	</channel>
</rss>
