<?xml version="1.0" encoding="UTF-8"?><rss version="2.0"
	xmlns:content="http://purl.org/rss/1.0/modules/content/"
	xmlns:dc="http://purl.org/dc/elements/1.1/"
	xmlns:atom="http://www.w3.org/2005/Atom"
	xmlns:sy="http://purl.org/rss/1.0/modules/syndication/"
	
	xmlns:georss="http://www.georss.org/georss"
	xmlns:geo="http://www.w3.org/2003/01/geo/wgs84_pos#"
	
	>
<channel>
	<title>
	Comments on: September 2012 &#8211; Anagram Follow Up	</title>
	<atom:link href="/agile/september-2012/feed/" rel="self" type="application/rss+xml" />
	<link>/agile/september-2012/</link>
	<description>A user group for Agile, XP, Software Craftsmanship and Software Development, based in Stafford</description>
	<lastBuildDate>Sat, 22 Sep 2012 11:16:37 +0000</lastBuildDate>
	<sy:updatePeriod>
	hourly	</sy:updatePeriod>
	<sy:updateFrequency>
	1	</sy:updateFrequency>
	<generator>https://wordpress.org/?v=5.6</generator>
	<item>
		<title>
		By: Trevweb &#187; Agile Staffordshire &#8211; September 2012		</title>
		<link>/agile/september-2012/#comment-18</link>

		<dc:creator><![CDATA[Trevweb &#187; Agile Staffordshire &#8211; September 2012]]></dc:creator>
		<pubDate>Sat, 22 Sep 2012 11:16:37 +0000</pubDate>
		<guid isPermaLink="false">http://agilestaffordshire.org/?p=292#comment-18</guid>

					<description><![CDATA[[...] of every month. Take a look at the Agile Staffordshire blog and if you&#8217;re interested, this Wednesday (26th September 2012) there&#8217;s a neat kata [...]]]></description>
			<content:encoded><![CDATA[<p>[&#8230;] of every month. Take a look at the Agile Staffordshire blog and if you&#8217;re interested, this Wednesday (26th September 2012) there&#8217;s a neat kata [&#8230;]</p>
]]></content:encoded>
		
			</item>
	</channel>
</rss>
