<?xml version="1.0" encoding="UTF-8"?><rss version="2.0"
	xmlns:content="http://purl.org/rss/1.0/modules/content/"
	xmlns:dc="http://purl.org/dc/elements/1.1/"
	xmlns:atom="http://www.w3.org/2005/Atom"
	xmlns:sy="http://purl.org/rss/1.0/modules/syndication/"
	
	xmlns:georss="http://www.georss.org/georss"
	xmlns:geo="http://www.w3.org/2003/01/geo/wgs84_pos#"
	
	>
<channel>
	<title>
	Comments on: Functional Programming with Clojure	</title>
	<atom:link href="/events/functional-programming-with-clojure/feed/" rel="self" type="application/rss+xml" />
	<link>/events/functional-programming-with-clojure/</link>
	<description>A user group for Agile, XP, Software Craftsmanship and Software Development, based in Stafford</description>
	<lastBuildDate>Tue, 20 Aug 2019 10:22:04 +0000</lastBuildDate>
	<sy:updatePeriod>
	hourly	</sy:updatePeriod>
	<sy:updateFrequency>
	1	</sy:updateFrequency>
	<generator>https://wordpress.org/?v=5.6</generator>
	<item>
		<title>
		By: Meetup &#8211; Functional Programming with Clojure &#124; Trevweb		</title>
		<link>/events/functional-programming-with-clojure/#comment-73460</link>

		<dc:creator><![CDATA[Meetup &#8211; Functional Programming with Clojure &#124; Trevweb]]></dc:creator>
		<pubDate>Sun, 11 Oct 2015 23:17:51 +0000</pubDate>
		<guid isPermaLink="false">/events/functional-programming-with-clojure/#comment-73460</guid>

					<description><![CDATA[[&#8230;] detail regarding the meet-up can be found on the Agile Staffordshire event page. If you are reading this and want to sign up to attend, it can all be achieved from the Meetup [&#8230;]]]></description>
			<content:encoded><![CDATA[<p>[&#8230;] detail regarding the meet-up can be found on the Agile Staffordshire event page. If you are reading this and want to sign up to attend, it can all be achieved from the Meetup [&#8230;]</p>
]]></content:encoded>
		
			</item>
	</channel>
</rss>
