<?xml version="1.0" encoding="UTF-8"?><rss version="2.0"
	xmlns:content="http://purl.org/rss/1.0/modules/content/"
	xmlns:dc="http://purl.org/dc/elements/1.1/"
	xmlns:atom="http://www.w3.org/2005/Atom"
	xmlns:sy="http://purl.org/rss/1.0/modules/syndication/"
	
	xmlns:georss="http://www.georss.org/georss"
	xmlns:geo="http://www.w3.org/2003/01/geo/wgs84_pos#"
	
	>
<channel>
	<title>
	Comments on: June Meeting: Flow and F1 In Paediatric Intensive Care	</title>
	<atom:link href="/agilestaffordshire/agile/june-meeting-flow-and-f1-in-paediatric-intensive-care/feed/" rel="self" type="application/rss+xml" />
	<link>/agilestaffordshire/agile/june-meeting-flow-and-f1-in-paediatric-intensive-care/</link>
	<description>A user group for Agile, XP, Software Craftsmanship and Software Development, based in Stafford</description>
	<lastBuildDate>Tue, 29 Nov 2011 13:54:44 +0000</lastBuildDate>
	<sy:updatePeriod>
	hourly	</sy:updatePeriod>
	<sy:updateFrequency>
	1	</sy:updateFrequency>
	<generator>https://wordpress.org/?v=5.6</generator>
	<item>
		<title>
		By: F1 and Paediatric Intensive Care &#171; Paul Shannon &#8211; Agile Software Development		</title>
		<link>/agilestaffordshire/agile/june-meeting-flow-and-f1-in-paediatric-intensive-care/#comment-4</link>

		<dc:creator><![CDATA[F1 and Paediatric Intensive Care &#171; Paul Shannon &#8211; Agile Software Development]]></dc:creator>
		<pubDate>Tue, 29 Nov 2011 13:54:44 +0000</pubDate>
		<guid isPermaLink="false">http://agilestaffordshire.org/?p=66#comment-4</guid>

					<description><![CDATA[[...] has been presented at both Agile Staffordshire in June 2011 and XP Day in November [...]]]></description>
			<content:encoded><![CDATA[<p>[&#8230;] has been presented at both Agile Staffordshire in June 2011 and XP Day in November [&#8230;]</p>
]]></content:encoded>
		
			</item>
	</channel>
</rss>
