<?xml version="1.0" encoding="UTF-8"?><rss version="2.0"
	xmlns:content="http://purl.org/rss/1.0/modules/content/"
	xmlns:wfw="http://wellformedweb.org/CommentAPI/"
	xmlns:dc="http://purl.org/dc/elements/1.1/"
	xmlns:atom="http://www.w3.org/2005/Atom"
	xmlns:sy="http://purl.org/rss/1.0/modules/syndication/"
	xmlns:slash="http://purl.org/rss/1.0/modules/slash/"
	
	xmlns:georss="http://www.georss.org/georss"
	xmlns:geo="http://www.w3.org/2003/01/geo/wgs84_pos#"
	>

<channel>
	<title>Meeting &#8211; Agile Staffordshire</title>
	<atom:link href="/category/meeting-2/feed/" rel="self" type="application/rss+xml" />
	<link>/</link>
	<description>A user group for Agile, XP, Software Craftsmanship and Software Development, based in Stafford</description>
	<lastBuildDate>Sat, 14 Feb 2015 19:24:51 +0000</lastBuildDate>
	<language>en-US</language>
	<sy:updatePeriod>
	hourly	</sy:updatePeriod>
	<sy:updateFrequency>
	1	</sy:updateFrequency>
	<generator>https://wordpress.org/?v=5.6</generator>
<site xmlns="com-wordpress:feed-additions:1">65552214</site>	<item>
		<title>Git Introduction January 2015</title>
		<link>/agile/git-introduction-january-2015/</link>
					<comments>/agile/git-introduction-january-2015/#comments</comments>
		
		<dc:creator><![CDATA[Trevor Adams]]></dc:creator>
		<pubDate>Sat, 14 Feb 2015 19:15:18 +0000</pubDate>
				<category><![CDATA[Agile]]></category>
		<category><![CDATA[Experiences]]></category>
		<category><![CDATA[Meeting]]></category>
		<category><![CDATA[Retrospectives]]></category>
		<category><![CDATA[2015]]></category>
		<category><![CDATA[agile]]></category>
		<category><![CDATA[git]]></category>
		<category><![CDATA[january]]></category>
		<category><![CDATA[staffordshire]]></category>
		<category><![CDATA[version control]]></category>
		<guid isPermaLink="false">/?p=748</guid>

					<description><![CDATA[There was a great vibe this January; our first meeting of 2015. Paul Williams opened the year with a great session introducing Git. The session served as a useful introduction to those new to Git as a version control mechanism and incorporated rebasing techniques for those with intermediate skills. We experienced a wide spread of issues [&#8230;]]]></description>
		
					<wfw:commentRss>/agile/git-introduction-january-2015/feed/</wfw:commentRss>
			<slash:comments>1</slash:comments>
		
		
		<post-id xmlns="com-wordpress:feed-additions:1">748</post-id>	</item>
		<item>
		<title>F# and Functional Programming Wrap-up</title>
		<link>/meeting-2/f-and-functional-programming-wrap-up/</link>
					<comments>/meeting-2/f-and-functional-programming-wrap-up/#comments</comments>
		
		<dc:creator><![CDATA[Trevor Adams]]></dc:creator>
		<pubDate>Thu, 28 Aug 2014 02:14:40 +0000</pubDate>
				<category><![CDATA[Languages]]></category>
		<category><![CDATA[Meeting]]></category>
		<category><![CDATA[Programming]]></category>
		<category><![CDATA[Retrospectives]]></category>
		<guid isPermaLink="false">/?p=696</guid>

					<description><![CDATA[Agile Staffordshire were fortunate to have Ian Russell talk to us about functional programming. Ian&#8217;s session on functional programming really got us fired up with something new. I was swept away with Ian&#8217;s abundant enthusiasm for the discipline; thank you, Ian! If you get the chance to meet Ian and discuss F#, I think you&#8217;d be wise [&#8230;]]]></description>
		
					<wfw:commentRss>/meeting-2/f-and-functional-programming-wrap-up/feed/</wfw:commentRss>
			<slash:comments>1</slash:comments>
		
		
		<post-id xmlns="com-wordpress:feed-additions:1">696</post-id>	</item>
		<item>
		<title>June 2014 &#8211; Is TDD Dead?</title>
		<link>/agile/june-2014-is-tdd-dead/</link>
					<comments>/agile/june-2014-is-tdd-dead/#comments</comments>
		
		<dc:creator><![CDATA[Jon Willis]]></dc:creator>
		<pubDate>Thu, 19 Jun 2014 21:07:19 +0000</pubDate>
				<category><![CDATA[Agile]]></category>
		<category><![CDATA[Kata]]></category>
		<category><![CDATA[Meeting]]></category>
		<category><![CDATA[Programming]]></category>
		<category><![CDATA[Refactoring]]></category>
		<category><![CDATA[Retrospectives]]></category>
		<category><![CDATA[Testing]]></category>
		<guid isPermaLink="false">/?p=671</guid>

					<description><![CDATA[Date: Thursday 26th June 2014 Time: 19:00 Venue: Staffordshire University – Stafford Campus (Octagon building, K102) Fear not, TDD is not dead, although it&#8217;s certainly been talked to death this month. This catchy title has been doing the rounds on the web recently since the Kent Beck + Martin Fowler + David Heinemeier Hansson talks. This month we are going to [&#8230;]]]></description>
		
					<wfw:commentRss>/agile/june-2014-is-tdd-dead/feed/</wfw:commentRss>
			<slash:comments>2</slash:comments>
		
		
		<post-id xmlns="com-wordpress:feed-additions:1">671</post-id>	</item>
		<item>
		<title>May 2014 – Lean Code Challenge</title>
		<link>/agile/may-2014-lean-code-challenge/</link>
					<comments>/agile/may-2014-lean-code-challenge/#comments</comments>
		
		<dc:creator><![CDATA[paulswilliams]]></dc:creator>
		<pubDate>Sun, 18 May 2014 13:22:34 +0000</pubDate>
				<category><![CDATA[Agile]]></category>
		<category><![CDATA[Meeting]]></category>
		<category><![CDATA[Programming]]></category>
		<guid isPermaLink="false">/?p=652</guid>

					<description><![CDATA[Date: Thursday 29th May 2014 Time: 19:00 Venue: Staffordshire University – Stafford Campus (Octagon building, K102) For this month&#8217;s session, we&#8217;ve decided to re-run the Lean Code Challenge that was run back in July 2011. The format is quite simple &#8211; Paul will introduce 7 key Lean Software principles and their importance in software development. Following this, the code challenge will [&#8230;]]]></description>
		
					<wfw:commentRss>/agile/may-2014-lean-code-challenge/feed/</wfw:commentRss>
			<slash:comments>3</slash:comments>
		
		
		<post-id xmlns="com-wordpress:feed-additions:1">652</post-id>	</item>
		<item>
		<title>Lego Robots</title>
		<link>/meeting-2/lego-robots/</link>
					<comments>/meeting-2/lego-robots/#comments</comments>
		
		<dc:creator><![CDATA[paulswilliams]]></dc:creator>
		<pubDate>Sun, 16 Feb 2014 18:03:52 +0000</pubDate>
				<category><![CDATA[Meeting]]></category>
		<category><![CDATA[Programming]]></category>
		<category><![CDATA[lego]]></category>
		<category><![CDATA[lego mindstorms]]></category>
		<category><![CDATA[programming]]></category>
		<guid isPermaLink="false">/?p=625</guid>

					<description><![CDATA[Date: Thursday 27th February 2014 Time: 7:00pm Venue: Staffordshire University – Stafford Campus (Octagon building, K102) This month, LEGO ROBOTS! Andrew Seward (@MrAndrew) will show us how to bring together as one the two higher art forms of programming and Lego &#8211; an overview of what&#8217;s involved and why it&#8217;s such a great idea, and then we&#8217;ll get the [&#8230;]]]></description>
		
					<wfw:commentRss>/meeting-2/lego-robots/feed/</wfw:commentRss>
			<slash:comments>2</slash:comments>
		
		
		<post-id xmlns="com-wordpress:feed-additions:1">625</post-id>	</item>
		<item>
		<title>Review: Brooklyn Beta and Maintainable C</title>
		<link>/agile/review-brooklyn-beta-and-maintainable-c/</link>
					<comments>/agile/review-brooklyn-beta-and-maintainable-c/#comments</comments>
		
		<dc:creator><![CDATA[Jon Willis]]></dc:creator>
		<pubDate>Mon, 02 Dec 2013 17:55:49 +0000</pubDate>
				<category><![CDATA[Agile]]></category>
		<category><![CDATA[Meeting]]></category>
		<guid isPermaLink="false">/?p=596</guid>

					<description><![CDATA[Brooklyn Beta A big thank you  to Trevor for sharing his brilliant talk on experiences at Brooklyn Beta earlier this year, which focused on web platforms delivering. It is really encouraging to see the move towards organisations exposing data allowing the creation of business that can deliver the real value of that data by matching [&#8230;]]]></description>
		
					<wfw:commentRss>/agile/review-brooklyn-beta-and-maintainable-c/feed/</wfw:commentRss>
			<slash:comments>1</slash:comments>
		
		
		<post-id xmlns="com-wordpress:feed-additions:1">596</post-id>	</item>
		<item>
		<title>November 2013 &#8211; Brooklyn Beta and Testing with C</title>
		<link>/agile/november-2013-brooklyn-beta-testing-c/</link>
					<comments>/agile/november-2013-brooklyn-beta-testing-c/#comments</comments>
		
		<dc:creator><![CDATA[Trevor Adams]]></dc:creator>
		<pubDate>Sun, 17 Nov 2013 17:01:04 +0000</pubDate>
				<category><![CDATA[Agile]]></category>
		<category><![CDATA[Experiences]]></category>
		<category><![CDATA[Kata]]></category>
		<category><![CDATA[Meeting]]></category>
		<category><![CDATA[Software Craftsmanship]]></category>
		<guid isPermaLink="false">/?p=588</guid>

					<description><![CDATA[Date: Thursday 28th November 2013 Time: 7:00pm Venue: Staffordshire University &#8211; Stafford Campus (K102 &#8211; the Octagon building) Brooklyn Beta is a friendly web conference aimed at the “work hard and be nice to people” crowd. Trevor Adams, a long time member of Agile Staffordshire, attended the event and will be presenting a short talk [&#8230;]]]></description>
		
					<wfw:commentRss>/agile/november-2013-brooklyn-beta-testing-c/feed/</wfw:commentRss>
			<slash:comments>2</slash:comments>
		
		
		<post-id xmlns="com-wordpress:feed-additions:1">588</post-id>	</item>
		<item>
		<title>Last month&#8217;s agile experience session with Craig Judson</title>
		<link>/agile/last-months-agile-experience-session-with-craig-judson/</link>
					<comments>/agile/last-months-agile-experience-session-with-craig-judson/#respond</comments>
		
		<dc:creator><![CDATA[paulswilliams]]></dc:creator>
		<pubDate>Thu, 14 Nov 2013 13:28:22 +0000</pubDate>
				<category><![CDATA[Agile]]></category>
		<category><![CDATA[Experiences]]></category>
		<category><![CDATA[Meeting]]></category>
		<category><![CDATA[agile]]></category>
		<category><![CDATA[codeweavers]]></category>
		<category><![CDATA[experiences]]></category>
		<category><![CDATA[lean]]></category>
		<guid isPermaLink="false">/?p=581</guid>

					<description><![CDATA[Firstly, I&#8217;d like to thank Craig for an excellent October session on Codeweaver&#8217;s experiences with agile. It was our first session in a Staffordshire University lecture theatre so well done Craig for dealing with such an imposing stage, especially with the growing number of attendees 🙂 It was good to see this increase in newcomers [&#8230;]]]></description>
		
					<wfw:commentRss>/agile/last-months-agile-experience-session-with-craig-judson/feed/</wfw:commentRss>
			<slash:comments>0</slash:comments>
		
		
		<post-id xmlns="com-wordpress:feed-additions:1">581</post-id>	</item>
		<item>
		<title>October 2013 &#8211; Agile Experience Guest Speaker</title>
		<link>/agile/october-2013-agile-experience-guest-speaker/</link>
					<comments>/agile/october-2013-agile-experience-guest-speaker/#comments</comments>
		
		<dc:creator><![CDATA[Neil Kidd]]></dc:creator>
		<pubDate>Sun, 13 Oct 2013 20:53:48 +0000</pubDate>
				<category><![CDATA[Agile]]></category>
		<category><![CDATA[Kanban]]></category>
		<category><![CDATA[Meeting]]></category>
		<category><![CDATA[Scrum]]></category>
		<category><![CDATA[agile]]></category>
		<category><![CDATA[meeting]]></category>
		<category><![CDATA[software]]></category>
		<category><![CDATA[tdd]]></category>
		<category><![CDATA[university]]></category>
		<guid isPermaLink="false">/?p=544</guid>

					<description><![CDATA[Date: Wednesday 30th October 2013 Time: 7:00pm Venue: Staffordshire University &#8211; Stafford Campus (Lecture Theatre 2 &#8211; the Octagon building) This month we welcome Mr Craig Judson from Codeweavers Limited. Codeweavers are a local company, based just outside Stafford in Dunston. They adopted agile techniques in 2007, starting with Scrum and have continued to evolve [&#8230;]]]></description>
		
					<wfw:commentRss>/agile/october-2013-agile-experience-guest-speaker/feed/</wfw:commentRss>
			<slash:comments>2</slash:comments>
		
		
		<post-id xmlns="com-wordpress:feed-additions:1">544</post-id>	</item>
		<item>
		<title>September 2013 &#8211; Retrospective</title>
		<link>/agile/september-2013-retrospective/</link>
					<comments>/agile/september-2013-retrospective/#respond</comments>
		
		<dc:creator><![CDATA[paulswilliams]]></dc:creator>
		<pubDate>Thu, 10 Oct 2013 12:33:10 +0000</pubDate>
				<category><![CDATA[Agile]]></category>
		<category><![CDATA[Meeting]]></category>
		<category><![CDATA[Retrospectives]]></category>
		<category><![CDATA[Software Craftsmanship]]></category>
		<guid isPermaLink="false">/?p=531</guid>

					<description><![CDATA[Following some discussion on the Google Groups, and offline, we decided to do an ad-hoc group retrospective during Septembers meet up. We didn&#8217;t follow the normal retro questions &#8211; what&#8217;s gone well, what can be improved etc. Rather, we brainstormed future session ideas, tabled the possibility of changing venues. We&#8217;ve been challenged on how to [&#8230;]]]></description>
		
					<wfw:commentRss>/agile/september-2013-retrospective/feed/</wfw:commentRss>
			<slash:comments>0</slash:comments>
		
		
		<post-id xmlns="com-wordpress:feed-additions:1">531</post-id>	</item>
	</channel>
</rss>
