<?xml version="1.0" encoding="UTF-8"?><rss version="2.0"
	xmlns:content="http://purl.org/rss/1.0/modules/content/"
	xmlns:dc="http://purl.org/dc/elements/1.1/"
	xmlns:atom="http://www.w3.org/2005/Atom"
	xmlns:sy="http://purl.org/rss/1.0/modules/syndication/"
	
	xmlns:georss="http://www.georss.org/georss"
	xmlns:geo="http://www.w3.org/2003/01/geo/wgs84_pos#"
	
	>
<channel>
	<title>
	Comments on: June 2013 &#8211; Alien Invasion Replay	</title>
	<atom:link href="/agilestaffordshire/agile/june-2013-alien-invasion-replay/feed/" rel="self" type="application/rss+xml" />
	<link>/agilestaffordshire/agile/june-2013-alien-invasion-replay/</link>
	<description>A user group for Agile, XP, Software Craftsmanship and Software Development, based in Stafford</description>
	<lastBuildDate>Fri, 07 Feb 2014 10:49:02 +0000</lastBuildDate>
	<sy:updatePeriod>
	hourly	</sy:updatePeriod>
	<sy:updateFrequency>
	1	</sy:updateFrequency>
	<generator>https://wordpress.org/?v=5.6</generator>
	<item>
		<title>
		By: String Calculator in Clojure at Agile Staffs &#124; Black Pepper Software		</title>
		<link>/agilestaffordshire/agile/june-2013-alien-invasion-replay/#comment-4139</link>

		<dc:creator><![CDATA[String Calculator in Clojure at Agile Staffs &#124; Black Pepper Software]]></dc:creator>
		<pubDate>Fri, 07 Feb 2014 10:49:02 +0000</pubDate>
		<guid isPermaLink="false">/agilestaffordshire/?p=476#comment-4139</guid>

					<description><![CDATA[[&#8230;] I attended the Agile Staffs January session on Thursday which took us back to the halcyon nights of coding katas. It&#8217;s been a while since we&#8217;ve done a kata, mainly due to speaker evenings, the Christmas break and Alien Invasion. [&#8230;]]]></description>
			<content:encoded><![CDATA[<p>[&#8230;] I attended the Agile Staffs January session on Thursday which took us back to the halcyon nights of coding katas. It&#8217;s been a while since we&#8217;ve done a kata, mainly due to speaker evenings, the Christmas break and Alien Invasion. [&#8230;]</p>
]]></content:encoded>
		
			</item>
		<item>
		<title>
		By: String Calculator in Clojure @ Agile Staffs &#171; Pragmatic me		</title>
		<link>/agilestaffordshire/agile/june-2013-alien-invasion-replay/#comment-4119</link>

		<dc:creator><![CDATA[String Calculator in Clojure @ Agile Staffs &#171; Pragmatic me]]></dc:creator>
		<pubDate>Sun, 26 Jan 2014 12:05:18 +0000</pubDate>
		<guid isPermaLink="false">/agilestaffordshire/?p=476#comment-4119</guid>

					<description><![CDATA[[&#8230;] I attended the Agile Staffs January session on Thursday which took us back to  the halcyon nights of coding katas. It&#8217;s been a while since we&#8217;ve done a kata, mainly due to speaker evenings, the Christmas break and Alien Invasion. [&#8230;]]]></description>
			<content:encoded><![CDATA[<p>[&#8230;] I attended the Agile Staffs January session on Thursday which took us back to  the halcyon nights of coding katas. It&#8217;s been a while since we&#8217;ve done a kata, mainly due to speaker evenings, the Christmas break and Alien Invasion. [&#8230;]</p>
]]></content:encoded>
		
			</item>
	</channel>
</rss>
