<?xml version="1.0" encoding="UTF-8"?><rss version="2.0"
	xmlns:content="http://purl.org/rss/1.0/modules/content/"
	xmlns:dc="http://purl.org/dc/elements/1.1/"
	xmlns:atom="http://www.w3.org/2005/Atom"
	xmlns:sy="http://purl.org/rss/1.0/modules/syndication/"
	
	xmlns:georss="http://www.georss.org/georss"
	xmlns:geo="http://www.w3.org/2003/01/geo/wgs84_pos#"
	
	>
<channel>
	<title>
	Comments on: July Meeting: Back to TDD with a Lean Code Challenge	</title>
	<atom:link href="/agilestaffordshire/meeting-2/july-meeting-back-to-tdd-with-a-lean-code-challenge/feed/" rel="self" type="application/rss+xml" />
	<link>/agilestaffordshire/meeting-2/july-meeting-back-to-tdd-with-a-lean-code-challenge/</link>
	<description>A user group for Agile, XP, Software Craftsmanship and Software Development, based in Stafford</description>
	<lastBuildDate>Sun, 29 Jan 2012 21:45:02 +0000</lastBuildDate>
	<sy:updatePeriod>
	hourly	</sy:updatePeriod>
	<sy:updateFrequency>
	1	</sy:updateFrequency>
	<generator>https://wordpress.org/?v=5.6</generator>
	<item>
		<title>
		By: Rob Gipman		</title>
		<link>/agilestaffordshire/meeting-2/july-meeting-back-to-tdd-with-a-lean-code-challenge/#comment-5</link>

		<dc:creator><![CDATA[Rob Gipman]]></dc:creator>
		<pubDate>Sun, 29 Jan 2012 21:45:02 +0000</pubDate>
		<guid isPermaLink="false">http://agilestaffordshire.org/?p=76#comment-5</guid>

					<description><![CDATA[Like the story, thanks for sharing my photo of uganda &#062;)]]></description>
			<content:encoded><![CDATA[<p>Like the story, thanks for sharing my photo of uganda &gt;)</p>
]]></content:encoded>
		
			</item>
	</channel>
</rss>
