<?xml version="1.0" encoding="UTF-8"?><rss version="2.0"
	xmlns:content="http://purl.org/rss/1.0/modules/content/"
	xmlns:dc="http://purl.org/dc/elements/1.1/"
	xmlns:atom="http://www.w3.org/2005/Atom"
	xmlns:sy="http://purl.org/rss/1.0/modules/syndication/"
	
	xmlns:georss="http://www.georss.org/georss"
	xmlns:geo="http://www.w3.org/2003/01/geo/wgs84_pos#"
	
	>
<channel>
	<title>
	Comments on: October 2013 &#8211; Agile Experience Guest Speaker	</title>
	<atom:link href="/agilestaffordshire/agile/october-2013-agile-experience-guest-speaker/feed/" rel="self" type="application/rss+xml" />
	<link>/agilestaffordshire/agile/october-2013-agile-experience-guest-speaker/</link>
	<description>A user group for Agile, XP, Software Craftsmanship and Software Development, based in Stafford</description>
	<lastBuildDate>Wed, 30 Oct 2013 10:47:15 +0000</lastBuildDate>
	<sy:updatePeriod>
	hourly	</sy:updatePeriod>
	<sy:updateFrequency>
	1	</sy:updateFrequency>
	<generator>https://wordpress.org/?v=5.6</generator>
	<item>
		<title>
		By: Trevor Adams		</title>
		<link>/agilestaffordshire/agile/october-2013-agile-experience-guest-speaker/#comment-3540</link>

		<dc:creator><![CDATA[Trevor Adams]]></dc:creator>
		<pubDate>Wed, 30 Oct 2013 10:47:15 +0000</pubDate>
		<guid isPermaLink="false">/agilestaffordshire/?p=544#comment-3540</guid>

					<description><![CDATA[Also, if anyone fancies some food after the session then get in touch.]]></description>
			<content:encoded><![CDATA[<p>Also, if anyone fancies some food after the session then get in touch.</p>
]]></content:encoded>
		
			</item>
		<item>
		<title>
		By: Trevor Adams		</title>
		<link>/agilestaffordshire/agile/october-2013-agile-experience-guest-speaker/#comment-3533</link>

		<dc:creator><![CDATA[Trevor Adams]]></dc:creator>
		<pubDate>Sun, 27 Oct 2013 23:29:04 +0000</pubDate>
		<guid isPermaLink="false">/agilestaffordshire/?p=544#comment-3533</guid>

					<description><![CDATA[I&#039;m glad I double checked the date as I had Thursday in my calendar. Looking forward to seeing everyone!]]></description>
			<content:encoded><![CDATA[<p>I&#8217;m glad I double checked the date as I had Thursday in my calendar. Looking forward to seeing everyone!</p>
]]></content:encoded>
		
			</item>
	</channel>
</rss>
