<?xml version="1.0" encoding="UTF-8"?><rss version="2.0"
	xmlns:content="http://purl.org/rss/1.0/modules/content/"
	xmlns:dc="http://purl.org/dc/elements/1.1/"
	xmlns:atom="http://www.w3.org/2005/Atom"
	xmlns:sy="http://purl.org/rss/1.0/modules/syndication/"
	
	xmlns:georss="http://www.georss.org/georss"
	xmlns:geo="http://www.w3.org/2003/01/geo/wgs84_pos#"
	
	>
<channel>
	<title>
	Comments on: Git Introduction January 2015	</title>
	<atom:link href="/agile/git-introduction-january-2015/feed/" rel="self" type="application/rss+xml" />
	<link>/agile/git-introduction-january-2015/</link>
	<description>A user group for Agile, XP, Software Craftsmanship and Software Development, based in Stafford</description>
	<lastBuildDate>Wed, 27 May 2015 15:42:36 +0000</lastBuildDate>
	<sy:updatePeriod>
	hourly	</sy:updatePeriod>
	<sy:updateFrequency>
	1	</sy:updateFrequency>
	<generator>https://wordpress.org/?v=5.6</generator>
	<item>
		<title>
		By: Advanced Git with Maven on the Command Line &#124; Trevweb		</title>
		<link>/agile/git-introduction-january-2015/#comment-71804</link>

		<dc:creator><![CDATA[Advanced Git with Maven on the Command Line &#124; Trevweb]]></dc:creator>
		<pubDate>Wed, 27 May 2015 15:42:36 +0000</pubDate>
		<guid isPermaLink="false">/?p=748#comment-71804</guid>

					<description><![CDATA[[&#8230;] Thursday 28th May, Paul Williams is hosting a follow-up to his Git at the Command Line session earlier this year. Paul is going to build on the previous session by digging deeper into [&#8230;]]]></description>
			<content:encoded><![CDATA[<p>[&#8230;] Thursday 28th May, Paul Williams is hosting a follow-up to his Git at the Command Line session earlier this year. Paul is going to build on the previous session by digging deeper into [&#8230;]</p>
]]></content:encoded>
		
			</item>
	</channel>
</rss>
