<?xml version="1.0" encoding="UTF-8"?><rss version="2.0"
	xmlns:content="http://purl.org/rss/1.0/modules/content/"
	xmlns:dc="http://purl.org/dc/elements/1.1/"
	xmlns:atom="http://www.w3.org/2005/Atom"
	xmlns:sy="http://purl.org/rss/1.0/modules/syndication/"
	
	xmlns:georss="http://www.georss.org/georss"
	xmlns:geo="http://www.w3.org/2003/01/geo/wgs84_pos#"
	
	>
<channel>
	<title>
	Comments on: Git at the command line	</title>
	<atom:link href="/events/git-at-the-command-line/feed/" rel="self" type="application/rss+xml" />
	<link>/events/git-at-the-command-line/</link>
	<description>A user group for Agile, XP, Software Craftsmanship and Software Development, based in Stafford</description>
	<lastBuildDate>Tue, 20 Aug 2019 10:22:04 +0000</lastBuildDate>
	<sy:updatePeriod>
	hourly	</sy:updatePeriod>
	<sy:updateFrequency>
	1	</sy:updateFrequency>
	<generator>https://wordpress.org/?v=5.6</generator>
	<item>
		<title>
		By: Agile Staffordshire January 2015 &#124; Trevweb		</title>
		<link>/events/git-at-the-command-line/#comment-69641</link>

		<dc:creator><![CDATA[Agile Staffordshire January 2015 &#124; Trevweb]]></dc:creator>
		<pubDate>Fri, 16 Jan 2015 21:07:23 +0000</pubDate>
		<guid isPermaLink="false">/agile/git-at-the-command-line/#comment-69641</guid>

					<description><![CDATA[[&#8230;] January&#8217;s Agile Staffordshire session looks set to be another great one. It will be great opportunity to acquire some experience with version control software. Git techniques will be presented in this session by the abundantly capable Paul Williams. Stop by on Meet-up and let Agile Staffordshire know that you&#8217;re intending to join in! [&#8230;]]]></description>
			<content:encoded><![CDATA[<p>[&#8230;] January&#8217;s Agile Staffordshire session looks set to be another great one. It will be great opportunity to acquire some experience with version control software. Git techniques will be presented in this session by the abundantly capable Paul Williams. Stop by on Meet-up and let Agile Staffordshire know that you&#8217;re intending to join in! [&#8230;]</p>
]]></content:encoded>
		
			</item>
	</channel>
</rss>
