<?xml version="1.0" encoding="UTF-8"?><rss version="2.0"
	xmlns:content="http://purl.org/rss/1.0/modules/content/"
	xmlns:wfw="http://wellformedweb.org/CommentAPI/"
	xmlns:dc="http://purl.org/dc/elements/1.1/"
	xmlns:atom="http://www.w3.org/2005/Atom"
	xmlns:sy="http://purl.org/rss/1.0/modules/syndication/"
	xmlns:slash="http://purl.org/rss/1.0/modules/slash/"
	
	xmlns:georss="http://www.georss.org/georss"
	xmlns:geo="http://www.w3.org/2003/01/geo/wgs84_pos#"
	>

<channel>
	<title>version control &#8211; Agile Staffordshire</title>
	<atom:link href="/tag/version-control/feed/" rel="self" type="application/rss+xml" />
	<link>/</link>
	<description>A user group for Agile, XP, Software Craftsmanship and Software Development, based in Stafford</description>
	<lastBuildDate>Sat, 14 Feb 2015 19:24:51 +0000</lastBuildDate>
	<language>en-US</language>
	<sy:updatePeriod>
	hourly	</sy:updatePeriod>
	<sy:updateFrequency>
	1	</sy:updateFrequency>
	<generator>https://wordpress.org/?v=5.6</generator>
<site xmlns="com-wordpress:feed-additions:1">65552214</site>	<item>
		<title>Git Introduction January 2015</title>
		<link>/agile/git-introduction-january-2015/</link>
					<comments>/agile/git-introduction-january-2015/#comments</comments>
		
		<dc:creator><![CDATA[Trevor Adams]]></dc:creator>
		<pubDate>Sat, 14 Feb 2015 19:15:18 +0000</pubDate>
				<category><![CDATA[Agile]]></category>
		<category><![CDATA[Experiences]]></category>
		<category><![CDATA[Meeting]]></category>
		<category><![CDATA[Retrospectives]]></category>
		<category><![CDATA[2015]]></category>
		<category><![CDATA[agile]]></category>
		<category><![CDATA[git]]></category>
		<category><![CDATA[january]]></category>
		<category><![CDATA[staffordshire]]></category>
		<category><![CDATA[version control]]></category>
		<guid isPermaLink="false">/?p=748</guid>

					<description><![CDATA[There was a great vibe this January; our first meeting of 2015. Paul Williams opened the year with a great session introducing Git. The session served as a useful introduction to those new to Git as a version control mechanism and incorporated rebasing techniques for those with intermediate skills. We experienced a wide spread of issues [&#8230;]]]></description>
		
					<wfw:commentRss>/agile/git-introduction-january-2015/feed/</wfw:commentRss>
			<slash:comments>1</slash:comments>
		
		
		<post-id xmlns="com-wordpress:feed-additions:1">748</post-id>	</item>
	</channel>
</rss>
