<?xml version="1.0" encoding="UTF-8"?><rss version="2.0"
	xmlns:content="http://purl.org/rss/1.0/modules/content/"
	xmlns:dc="http://purl.org/dc/elements/1.1/"
	xmlns:atom="http://www.w3.org/2005/Atom"
	xmlns:sy="http://purl.org/rss/1.0/modules/syndication/"
	
	xmlns:georss="http://www.georss.org/georss"
	xmlns:geo="http://www.w3.org/2003/01/geo/wgs84_pos#"
	
	>
<channel>
	<title>
	Comments on: April 2013 – Ruby on Rails!	</title>
	<atom:link href="/software-craftsmanship/april-2013-ruby-on-rails/feed/" rel="self" type="application/rss+xml" />
	<link>/software-craftsmanship/april-2013-ruby-on-rails/</link>
	<description>A user group for Agile, XP, Software Craftsmanship and Software Development, based in Stafford</description>
	<lastBuildDate>Sat, 07 Jun 2014 20:23:59 +0000</lastBuildDate>
	<sy:updatePeriod>
	hourly	</sy:updatePeriod>
	<sy:updateFrequency>
	1	</sy:updateFrequency>
	<generator>https://wordpress.org/?v=5.6</generator>
	<item>
		<title>
		By: Neil Kidd		</title>
		<link>/software-craftsmanship/april-2013-ruby-on-rails/#comment-14315</link>

		<dc:creator><![CDATA[Neil Kidd]]></dc:creator>
		<pubDate>Sat, 07 Jun 2014 20:23:59 +0000</pubDate>
		<guid isPermaLink="false">/?p=427#comment-14315</guid>

					<description><![CDATA[In reply to &lt;a href=&quot;/software-craftsmanship/april-2013-ruby-on-rails/#comment-13814&quot;&gt;ruby on rails developer uk&lt;/a&gt;.

@ruby on rails developer uk - I&#039;m not sure if this is a spam comment! But here goes:
We use the cloud hosting from tsohost  - very reasonable.

We&#039;d appreciatte you making any order via our affilliatte link http://billing.tsohost.co.uk/aff.php?aff=1109 - it won&#039;t cost you any more but will help pay for the hosting.

Thanks,
Neil]]></description>
			<content:encoded><![CDATA[<p>In reply to <a href="/software-craftsmanship/april-2013-ruby-on-rails/#comment-13814">ruby on rails developer uk</a>.</p>
<p>@ruby on rails developer uk &#8211; I&#8217;m not sure if this is a spam comment! But here goes:<br />
We use the cloud hosting from tsohost  &#8211; very reasonable.</p>
<p>We&#8217;d appreciatte you making any order via our affilliatte link <a href="http://billing.tsohost.co.uk/aff.php?aff=1109" rel="nofollow ugc">http://billing.tsohost.co.uk/aff.php?aff=1109</a> &#8211; it won&#8217;t cost you any more but will help pay for the hosting.</p>
<p>Thanks,<br />
Neil</p>
]]></content:encoded>
		
			</item>
		<item>
		<title>
		By: ruby on rails developer uk		</title>
		<link>/software-craftsmanship/april-2013-ruby-on-rails/#comment-13814</link>

		<dc:creator><![CDATA[ruby on rails developer uk]]></dc:creator>
		<pubDate>Thu, 05 Jun 2014 17:02:18 +0000</pubDate>
		<guid isPermaLink="false">/?p=427#comment-13814</guid>

					<description><![CDATA[Hello would you mind letting me know which webhost you&#039;re using?
I&#039;ve loaded your blog in 3 completely different web browsers and I must say this blog loads 
a lot quicker then most. Can you suggest a good internet 
hosting provider at a fair price? Many thanks, I 
appreciate it!]]></description>
			<content:encoded><![CDATA[<p>Hello would you mind letting me know which webhost you&#8217;re using?<br />
I&#8217;ve loaded your blog in 3 completely different web browsers and I must say this blog loads<br />
a lot quicker then most. Can you suggest a good internet<br />
hosting provider at a fair price? Many thanks, I<br />
appreciate it!</p>
]]></content:encoded>
		
			</item>
		<item>
		<title>
		By: paulswilliams		</title>
		<link>/software-craftsmanship/april-2013-ruby-on-rails/#comment-3130</link>

		<dc:creator><![CDATA[paulswilliams]]></dc:creator>
		<pubDate>Fri, 26 Apr 2013 15:46:49 +0000</pubDate>
		<guid isPermaLink="false">/?p=427#comment-3130</guid>

					<description><![CDATA[No problems Jon, 

Rails seems to attract love and criticism in equal measure - hey it&#039;s opinionated! 

Paul.]]></description>
			<content:encoded><![CDATA[<p>No problems Jon, </p>
<p>Rails seems to attract love and criticism in equal measure &#8211; hey it&#8217;s opinionated! </p>
<p>Paul.</p>
]]></content:encoded>
		
			</item>
		<item>
		<title>
		By: Jon Willis		</title>
		<link>/software-craftsmanship/april-2013-ruby-on-rails/#comment-3127</link>

		<dc:creator><![CDATA[Jon Willis]]></dc:creator>
		<pubDate>Fri, 26 Apr 2013 07:33:47 +0000</pubDate>
		<guid isPermaLink="false">/?p=427#comment-3127</guid>

					<description><![CDATA[Many thanks Paul for the introduction into Ruby on rails. And for the balanced view on its Pros/Cons.]]></description>
			<content:encoded><![CDATA[<p>Many thanks Paul for the introduction into Ruby on rails. And for the balanced view on its Pros/Cons.</p>
]]></content:encoded>
		
			</item>
		<item>
		<title>
		By: Agile Staffordshire April 2013 &#124; Trevweb		</title>
		<link>/software-craftsmanship/april-2013-ruby-on-rails/#comment-3125</link>

		<dc:creator><![CDATA[Agile Staffordshire April 2013 &#124; Trevweb]]></dc:creator>
		<pubDate>Thu, 25 Apr 2013 13:15:21 +0000</pubDate>
		<guid isPermaLink="false">/?p=427#comment-3125</guid>

					<description><![CDATA[[...] and will start at 19:00 in K102, The Octagon. Full details of the evening are available on the Agile Staffordshire Blog. I hope to see people [...]]]></description>
			<content:encoded><![CDATA[<p>[&#8230;] and will start at 19:00 in K102, The Octagon. Full details of the evening are available on the Agile Staffordshire Blog. I hope to see people [&#8230;]</p>
]]></content:encoded>
		
			</item>
	</channel>
</rss>
