<?xml version="1.0" encoding="UTF-8"?><rss version="2.0"
	xmlns:content="http://purl.org/rss/1.0/modules/content/"
	xmlns:wfw="http://wellformedweb.org/CommentAPI/"
	xmlns:dc="http://purl.org/dc/elements/1.1/"
	xmlns:atom="http://www.w3.org/2005/Atom"
	xmlns:sy="http://purl.org/rss/1.0/modules/syndication/"
	xmlns:slash="http://purl.org/rss/1.0/modules/slash/"
	
	xmlns:georss="http://www.georss.org/georss"
	xmlns:geo="http://www.w3.org/2003/01/geo/wgs84_pos#"
	>

<channel>
	<title>lean &#8211; Agile Staffordshire</title>
	<atom:link href="/agilestaffordshire/tag/lean/feed/" rel="self" type="application/rss+xml" />
	<link>/agilestaffordshire/</link>
	<description>A user group for Agile, XP, Software Craftsmanship and Software Development, based in Stafford</description>
	<lastBuildDate>Thu, 14 Nov 2013 13:28:22 +0000</lastBuildDate>
	<language>en-US</language>
	<sy:updatePeriod>
	hourly	</sy:updatePeriod>
	<sy:updateFrequency>
	1	</sy:updateFrequency>
	<generator>https://wordpress.org/?v=5.6</generator>
<site xmlns="com-wordpress:feed-additions:1">65552214</site>	<item>
		<title>Last month&#8217;s agile experience session with Craig Judson</title>
		<link>/agilestaffordshire/agile/last-months-agile-experience-session-with-craig-judson/</link>
					<comments>/agilestaffordshire/agile/last-months-agile-experience-session-with-craig-judson/#respond</comments>
		
		<dc:creator><![CDATA[paulswilliams]]></dc:creator>
		<pubDate>Thu, 14 Nov 2013 13:28:22 +0000</pubDate>
				<category><![CDATA[Agile]]></category>
		<category><![CDATA[Experiences]]></category>
		<category><![CDATA[Meeting]]></category>
		<category><![CDATA[agile]]></category>
		<category><![CDATA[codeweavers]]></category>
		<category><![CDATA[experiences]]></category>
		<category><![CDATA[lean]]></category>
		<guid isPermaLink="false">/agilestaffordshire/?p=581</guid>

					<description><![CDATA[Firstly, I&#8217;d like to thank Craig for an excellent October session on Codeweaver&#8217;s experiences with agile. It was our first session in a Staffordshire University lecture theatre so well done Craig for dealing with such an imposing stage, especially with the growing number of attendees 🙂 It was good to see this increase in newcomers [&#8230;]]]></description>
		
					<wfw:commentRss>/agilestaffordshire/agile/last-months-agile-experience-session-with-craig-judson/feed/</wfw:commentRss>
			<slash:comments>0</slash:comments>
		
		
		<post-id xmlns="com-wordpress:feed-additions:1">581</post-id>	</item>
	</channel>
</rss>
