<?xml version="1.0" encoding="UTF-8"?><rss version="2.0"
	xmlns:content="http://purl.org/rss/1.0/modules/content/"
	xmlns:wfw="http://wellformedweb.org/CommentAPI/"
	xmlns:dc="http://purl.org/dc/elements/1.1/"
	xmlns:atom="http://www.w3.org/2005/Atom"
	xmlns:sy="http://purl.org/rss/1.0/modules/syndication/"
	xmlns:slash="http://purl.org/rss/1.0/modules/slash/"
	
	xmlns:georss="http://www.georss.org/georss"
	xmlns:geo="http://www.w3.org/2003/01/geo/wgs84_pos#"
	>

<channel>
	<title>february &#8211; Agile Staffordshire</title>
	<atom:link href="/agilestaffordshire/tag/february/feed/" rel="self" type="application/rss+xml" />
	<link>/agilestaffordshire/</link>
	<description>A user group for Agile, XP, Software Craftsmanship and Software Development, based in Stafford</description>
	<lastBuildDate>Mon, 07 Mar 2011 22:05:13 +0000</lastBuildDate>
	<language>en-US</language>
	<sy:updatePeriod>
	hourly	</sy:updatePeriod>
	<sy:updateFrequency>
	1	</sy:updateFrequency>
	<generator>https://wordpress.org/?v=5.6</generator>
<site xmlns="com-wordpress:feed-additions:1">65552214</site>	<item>
		<title>Retrospectives</title>
		<link>/agilestaffordshire/agile/retrospectives/</link>
					<comments>/agilestaffordshire/agile/retrospectives/#respond</comments>
		
		<dc:creator><![CDATA[paulshannon]]></dc:creator>
		<pubDate>Mon, 07 Mar 2011 22:05:13 +0000</pubDate>
				<category><![CDATA[Agile]]></category>
		<category><![CDATA[Meeting]]></category>
		<category><![CDATA[agile]]></category>
		<category><![CDATA[february]]></category>
		<category><![CDATA[meeting]]></category>
		<category><![CDATA[retrospective]]></category>
		<guid isPermaLink="false">http://agilestaffordshire.org/?p=18</guid>

					<description><![CDATA[At the February meeting we ended proceedings in a truly Agile manner by inspecting and adapting the way that the group and meetings were conducted through a Retrospective. For those who found this useful and want to take this away and try it elsewhere then here is the format we used: Give everyone some sticky [&#8230;]]]></description>
		
					<wfw:commentRss>/agilestaffordshire/agile/retrospectives/feed/</wfw:commentRss>
			<slash:comments>0</slash:comments>
		
		
		<post-id xmlns="com-wordpress:feed-additions:1">18</post-id>	</item>
	</channel>
</rss>
