<?xml version="1.0" encoding="UTF-8"?><rss version="2.0"
	xmlns:content="http://purl.org/rss/1.0/modules/content/"
	xmlns:wfw="http://wellformedweb.org/CommentAPI/"
	xmlns:dc="http://purl.org/dc/elements/1.1/"
	xmlns:atom="http://www.w3.org/2005/Atom"
	xmlns:sy="http://purl.org/rss/1.0/modules/syndication/"
	xmlns:slash="http://purl.org/rss/1.0/modules/slash/"
	
	xmlns:georss="http://www.georss.org/georss"
	xmlns:geo="http://www.w3.org/2003/01/geo/wgs84_pos#"
	>

<channel>
	<title>march &#8211; Agile Staffordshire</title>
	<atom:link href="/agilestaffordshire/tag/march/feed/" rel="self" type="application/rss+xml" />
	<link>/agilestaffordshire/</link>
	<description>A user group for Agile, XP, Software Craftsmanship and Software Development, based in Stafford</description>
	<lastBuildDate>Tue, 24 Nov 2015 11:04:38 +0000</lastBuildDate>
	<language>en-US</language>
	<sy:updatePeriod>
	hourly	</sy:updatePeriod>
	<sy:updateFrequency>
	1	</sy:updateFrequency>
	<generator>https://wordpress.org/?v=5.6</generator>
<site xmlns="com-wordpress:feed-additions:1">65552214</site>	<item>
		<title>March Meeting: Session Outcomes</title>
		<link>/agilestaffordshire/agile/march-meeting-session-outcomes/</link>
					<comments>/agilestaffordshire/agile/march-meeting-session-outcomes/#comments</comments>
		
		<dc:creator><![CDATA[paulshannon]]></dc:creator>
		<pubDate>Mon, 28 Mar 2011 22:00:26 +0000</pubDate>
				<category><![CDATA[Agile]]></category>
		<category><![CDATA[agile]]></category>
		<category><![CDATA[march]]></category>
		<category><![CDATA[meeting]]></category>
		<category><![CDATA[outcomes]]></category>
		<category><![CDATA[tdd]]></category>
		<category><![CDATA[university]]></category>
		<guid isPermaLink="false">http://agilestaffordshire.org/?p=40</guid>

					<description><![CDATA[March&#8217;s meeting themes were Designing an Agile University Course followed by a test driven development exercise. Agile University Courses Trevor Adams, from the Staffordshire University, presented the group with a short talk on the challenges of teaching agile based project planning and software development techniques. He covered the motivations for including content relevant to agile development [&#8230;]]]></description>
		
					<wfw:commentRss>/agilestaffordshire/agile/march-meeting-session-outcomes/feed/</wfw:commentRss>
			<slash:comments>1</slash:comments>
		
		
		<post-id xmlns="com-wordpress:feed-additions:1">40</post-id>	</item>
	</channel>
</rss>
