<?xml version="1.0" encoding="UTF-8"?><rss version="2.0"
	xmlns:content="http://purl.org/rss/1.0/modules/content/"
	xmlns:wfw="http://wellformedweb.org/CommentAPI/"
	xmlns:dc="http://purl.org/dc/elements/1.1/"
	xmlns:atom="http://www.w3.org/2005/Atom"
	xmlns:sy="http://purl.org/rss/1.0/modules/syndication/"
	xmlns:slash="http://purl.org/rss/1.0/modules/slash/"
	
	xmlns:georss="http://www.georss.org/georss"
	xmlns:geo="http://www.w3.org/2003/01/geo/wgs84_pos#"
	>

<channel>
	<title>REST &#8211; Agile Staffordshire</title>
	<atom:link href="/tag/rest/feed/" rel="self" type="application/rss+xml" />
	<link>/</link>
	<description>A user group for Agile, XP, Software Craftsmanship and Software Development, based in Stafford</description>
	<lastBuildDate>Mon, 23 Sep 2013 19:57:44 +0000</lastBuildDate>
	<language>en-US</language>
	<sy:updatePeriod>
	hourly	</sy:updatePeriod>
	<sy:updateFrequency>
	1	</sy:updateFrequency>
	<generator>https://wordpress.org/?v=5.6</generator>
<site xmlns="com-wordpress:feed-additions:1">65552214</site>	<item>
		<title>September 2013 &#8211; First Contact</title>
		<link>/agile/september-2013-first-contact/</link>
					<comments>/agile/september-2013-first-contact/#comments</comments>
		
		<dc:creator><![CDATA[Neil Kidd]]></dc:creator>
		<pubDate>Mon, 23 Sep 2013 19:57:44 +0000</pubDate>
				<category><![CDATA[Agile]]></category>
		<category><![CDATA[Aliens]]></category>
		<category><![CDATA[REST]]></category>
		<guid isPermaLink="false">/?p=519</guid>

					<description><![CDATA[Date: Thursday 26th September 2013 Time: 7:00pm Venue: Staffordshire University &#8211; Stafford Campus (K106 &#8211; the Octagon building) &#160; Last month we continued our discussions and began creating the RESTful implementation of our alien invasion game with the creation of the game controller. Continuing with getting the minimal feature set completed, this month we look [&#8230;]]]></description>
		
					<wfw:commentRss>/agile/september-2013-first-contact/feed/</wfw:commentRss>
			<slash:comments>2</slash:comments>
		
		
		<post-id xmlns="com-wordpress:feed-additions:1">519</post-id>	</item>
	</channel>
</rss>
