<?xml version="1.0" encoding="UTF-8"?><rss version="2.0"
	xmlns:content="http://purl.org/rss/1.0/modules/content/"
	xmlns:dc="http://purl.org/dc/elements/1.1/"
	xmlns:atom="http://www.w3.org/2005/Atom"
	xmlns:sy="http://purl.org/rss/1.0/modules/syndication/"
	
	xmlns:georss="http://www.georss.org/georss"
	xmlns:geo="http://www.w3.org/2003/01/geo/wgs84_pos#"
	
	>
<channel>
	<title>
	Comments on: Guest speaker @pezholio presents an introduction to the Open Data Institute	</title>
	<atom:link href="/agilestaffordshire/agile/guest-speaker-pezholio-presents-an-introduction-to-the-open-data-institute/feed/" rel="self" type="application/rss+xml" />
	<link>/agilestaffordshire/agile/guest-speaker-pezholio-presents-an-introduction-to-the-open-data-institute/</link>
	<description>A user group for Agile, XP, Software Craftsmanship and Software Development, based in Stafford</description>
	<lastBuildDate>Thu, 24 Apr 2014 02:02:30 +0000</lastBuildDate>
	<sy:updatePeriod>
	hourly	</sy:updatePeriod>
	<sy:updateFrequency>
	1	</sy:updateFrequency>
	<generator>https://wordpress.org/?v=5.6</generator>
	<item>
		<title>
		By: Agile Staffordshire April 2014 &#124; Trevweb		</title>
		<link>/agilestaffordshire/agile/guest-speaker-pezholio-presents-an-introduction-to-the-open-data-institute/#comment-5697</link>

		<dc:creator><![CDATA[Agile Staffordshire April 2014 &#124; Trevweb]]></dc:creator>
		<pubDate>Thu, 24 Apr 2014 02:02:30 +0000</pubDate>
		<guid isPermaLink="false">/agilestaffordshire/?p=641#comment-5697</guid>

					<description><![CDATA[[&#8230;] to the Open Data Institute. Please feel free to come along and join in. Details can be found on the Agile Staffordshire [&#8230;]]]></description>
			<content:encoded><![CDATA[<p>[&#8230;] to the Open Data Institute. Please feel free to come along and join in. Details can be found on the Agile Staffordshire [&#8230;]</p>
]]></content:encoded>
		
			</item>
	</channel>
</rss>
