<?xml version="1.0" encoding="UTF-8"?><rss version="2.0"
	xmlns:content="http://purl.org/rss/1.0/modules/content/"
	xmlns:wfw="http://wellformedweb.org/CommentAPI/"
	xmlns:dc="http://purl.org/dc/elements/1.1/"
	xmlns:atom="http://www.w3.org/2005/Atom"
	xmlns:sy="http://purl.org/rss/1.0/modules/syndication/"
	xmlns:slash="http://purl.org/rss/1.0/modules/slash/"
	
	xmlns:georss="http://www.georss.org/georss"
	xmlns:geo="http://www.w3.org/2003/01/geo/wgs84_pos#"
	>

<channel>
	<title>guildedrose &#8211; Agile Staffordshire</title>
	<atom:link href="/agilestaffordshire/tag/guildedrose/feed/" rel="self" type="application/rss+xml" />
	<link>/agilestaffordshire/</link>
	<description>A user group for Agile, XP, Software Craftsmanship and Software Development, based in Stafford</description>
	<lastBuildDate>Mon, 18 Aug 2014 09:29:12 +0000</lastBuildDate>
	<language>en-US</language>
	<sy:updatePeriod>
	hourly	</sy:updatePeriod>
	<sy:updateFrequency>
	1	</sy:updateFrequency>
	<generator>https://wordpress.org/?v=5.6</generator>
<site xmlns="com-wordpress:feed-additions:1">65552214</site>	<item>
		<title>August &#8211; The Guilded Rose Kata</title>
		<link>/agilestaffordshire/agile/august-the-guilded-rose-kata/</link>
					<comments>/agilestaffordshire/agile/august-the-guilded-rose-kata/#comments</comments>
		
		<dc:creator><![CDATA[paulswilliams]]></dc:creator>
		<pubDate>Mon, 18 Aug 2014 09:23:46 +0000</pubDate>
				<category><![CDATA[Agile]]></category>
		<category><![CDATA[Kata]]></category>
		<category><![CDATA[guildedrose]]></category>
		<category><![CDATA[kata]]></category>
		<guid isPermaLink="false">/agilestaffordshire/?p=689</guid>

					<description><![CDATA[Date: Thursday 28th August 2014Time: 19:00Venue: Staffordshire University – Stafford Campus (Octagon building, K102) The Guilded Rose Kata fictionalizes the experience of working with someone else&#8217;s code. You&#8217;ll probably groan when you first see the code provided to you. The amount of code isn&#8217;t overwhelming, its the prefect balance to evoke the feeling, &#8220;I can&#8217;t wait to re-write this cruft.&#8221; It&#8217;s suggested [&#8230;]]]></description>
		
					<wfw:commentRss>/agilestaffordshire/agile/august-the-guilded-rose-kata/feed/</wfw:commentRss>
			<slash:comments>1</slash:comments>
		
		
		<post-id xmlns="com-wordpress:feed-additions:1">689</post-id>	</item>
	</channel>
</rss>
