<?xml version="1.0" encoding="UTF-8"?><rss version="2.0"
	xmlns:content="http://purl.org/rss/1.0/modules/content/"
	xmlns:dc="http://purl.org/dc/elements/1.1/"
	xmlns:atom="http://www.w3.org/2005/Atom"
	xmlns:sy="http://purl.org/rss/1.0/modules/syndication/"
	
	xmlns:georss="http://www.georss.org/georss"
	xmlns:geo="http://www.w3.org/2003/01/geo/wgs84_pos#"
	
	>
<channel>
	<title>
	Comments on: Thymeleaf and Thymesheet	</title>
	<atom:link href="/agilestaffordshire/events/thymeleaf-and-thymesheet/feed/" rel="self" type="application/rss+xml" />
	<link>/agilestaffordshire/events/thymeleaf-and-thymesheet/</link>
	<description>A user group for Agile, XP, Software Craftsmanship and Software Development, based in Stafford</description>
	<lastBuildDate>Tue, 20 Aug 2019 10:22:04 +0000</lastBuildDate>
	<sy:updatePeriod>
	hourly	</sy:updatePeriod>
	<sy:updateFrequency>
	1	</sy:updateFrequency>
	<generator>https://wordpress.org/?v=5.6</generator>
	<item>
		<title>
		By: Thymeleaf and Thymesheet &#124; Trevweb		</title>
		<link>/agilestaffordshire/events/thymeleaf-and-thymesheet/#comment-72581</link>

		<dc:creator><![CDATA[Thymeleaf and Thymesheet &#124; Trevweb]]></dc:creator>
		<pubDate>Mon, 27 Jul 2015 11:10:44 +0000</pubDate>
		<guid isPermaLink="false">/agilestaffordshire/events/thymeleaf-and-thymesheet/#comment-72581</guid>

					<description><![CDATA[[&#8230;] you are interested in attending, details can be found on the Agile Staffordshire Blog and on Meet-up. I look forward to seeing you [&#8230;]]]></description>
			<content:encoded><![CDATA[<p>[&#8230;] you are interested in attending, details can be found on the Agile Staffordshire Blog and on Meet-up. I look forward to seeing you [&#8230;]</p>
]]></content:encoded>
		
			</item>
	</channel>
</rss>
