<?xml version="1.0" encoding="UTF-8"?><rss version="2.0"
	xmlns:content="http://purl.org/rss/1.0/modules/content/"
	xmlns:dc="http://purl.org/dc/elements/1.1/"
	xmlns:atom="http://www.w3.org/2005/Atom"
	xmlns:sy="http://purl.org/rss/1.0/modules/syndication/"
	
	xmlns:georss="http://www.georss.org/georss"
	xmlns:geo="http://www.w3.org/2003/01/geo/wgs84_pos#"
	
	>
<channel>
	<title>
	Comments on: August &#8211; The Guilded Rose Kata	</title>
	<atom:link href="/agile/august-the-guilded-rose-kata/feed/" rel="self" type="application/rss+xml" />
	<link>/agile/august-the-guilded-rose-kata/</link>
	<description>A user group for Agile, XP, Software Craftsmanship and Software Development, based in Stafford</description>
	<lastBuildDate>Thu, 28 Aug 2014 02:14:46 +0000</lastBuildDate>
	<sy:updatePeriod>
	hourly	</sy:updatePeriod>
	<sy:updateFrequency>
	1	</sy:updateFrequency>
	<generator>https://wordpress.org/?v=5.6</generator>
	<item>
		<title>
		By: F# and Functional Programming Wrap-up &#187; Agile Staffordshire		</title>
		<link>/agile/august-the-guilded-rose-kata/#comment-42790</link>

		<dc:creator><![CDATA[F# and Functional Programming Wrap-up &#187; Agile Staffordshire]]></dc:creator>
		<pubDate>Thu, 28 Aug 2014 02:14:46 +0000</pubDate>
		<guid isPermaLink="false">/?p=689#comment-42790</guid>

					<description><![CDATA[[&#8230;] look forward to our August session &#8211; The Gilded Rose kata. I apologise for tardiness of this follow-up post. I&#8217;ve been working (with agility) on [&#8230;]]]></description>
			<content:encoded><![CDATA[<p>[&#8230;] look forward to our August session &#8211; The Gilded Rose kata. I apologise for tardiness of this follow-up post. I&#8217;ve been working (with agility) on [&#8230;]</p>
]]></content:encoded>
		
			</item>
	</channel>
</rss>
