<?xml version="1.0" encoding="UTF-8"?><rss version="2.0"
	xmlns:content="http://purl.org/rss/1.0/modules/content/"
	xmlns:dc="http://purl.org/dc/elements/1.1/"
	xmlns:atom="http://www.w3.org/2005/Atom"
	xmlns:sy="http://purl.org/rss/1.0/modules/syndication/"
	
	xmlns:georss="http://www.georss.org/georss"
	xmlns:geo="http://www.w3.org/2003/01/geo/wgs84_pos#"
	
	>
<channel>
	<title>
	Comments on: November 2012 &#8211; Kanban Introduction	</title>
	<atom:link href="/agile/november-2012-kanban-introduction/feed/" rel="self" type="application/rss+xml" />
	<link>/agile/november-2012-kanban-introduction/</link>
	<description>A user group for Agile, XP, Software Craftsmanship and Software Development, based in Stafford</description>
	<lastBuildDate>Mon, 03 Dec 2012 00:22:50 +0000</lastBuildDate>
	<sy:updatePeriod>
	hourly	</sy:updatePeriod>
	<sy:updateFrequency>
	1	</sy:updateFrequency>
	<generator>https://wordpress.org/?v=5.6</generator>
	<item>
		<title>
		By: December 2012 &#8211; XPDay Lightning Talks &#187; Agile Staffordshire		</title>
		<link>/agile/november-2012-kanban-introduction/#comment-232</link>

		<dc:creator><![CDATA[December 2012 &#8211; XPDay Lightning Talks &#187; Agile Staffordshire]]></dc:creator>
		<pubDate>Mon, 03 Dec 2012 00:22:50 +0000</pubDate>
		<guid isPermaLink="false">http://agilestaffordshire.org/?p=321#comment-232</guid>

					<description><![CDATA[[...] at the XPDay 2012 conference. As we had a busy evening planned with Ashley&#8217;s excellent Kanban introduction workshop, Paul kindly agreed to move his lightning talk to start of this months [...]]]></description>
			<content:encoded><![CDATA[<p>[&#8230;] at the XPDay 2012 conference. As we had a busy evening planned with Ashley&#8217;s excellent Kanban introduction workshop, Paul kindly agreed to move his lightning talk to start of this months [&#8230;]</p>
]]></content:encoded>
		
			</item>
	</channel>
</rss>
