<?xml version="1.0" encoding="UTF-8"?><rss version="2.0"
	xmlns:content="http://purl.org/rss/1.0/modules/content/"
	xmlns:dc="http://purl.org/dc/elements/1.1/"
	xmlns:atom="http://www.w3.org/2005/Atom"
	xmlns:sy="http://purl.org/rss/1.0/modules/syndication/"
	
	xmlns:georss="http://www.georss.org/georss"
	xmlns:geo="http://www.w3.org/2003/01/geo/wgs84_pos#"
	
	>
<channel>
	<title>
	Comments on: December 2012 &#8211; XPDay Lightning Talks	</title>
	<atom:link href="/agilestaffordshire/agile/december-2012-xpday-lightning-talks/feed/" rel="self" type="application/rss+xml" />
	<link>/agilestaffordshire/agile/december-2012-xpday-lightning-talks/</link>
	<description>A user group for Agile, XP, Software Craftsmanship and Software Development, based in Stafford</description>
	<lastBuildDate>Thu, 13 Dec 2012 02:58:51 +0000</lastBuildDate>
	<sy:updatePeriod>
	hourly	</sy:updatePeriod>
	<sy:updateFrequency>
	1	</sy:updateFrequency>
	<generator>https://wordpress.org/?v=5.6</generator>
	<item>
		<title>
		By: Agile Staffordshire &#8211; December 2012 &#124; Trevweb		</title>
		<link>/agilestaffordshire/agile/december-2012-xpday-lightning-talks/#comment-517</link>

		<dc:creator><![CDATA[Agile Staffordshire &#8211; December 2012 &#124; Trevweb]]></dc:creator>
		<pubDate>Thu, 13 Dec 2012 02:58:51 +0000</pubDate>
		<guid isPermaLink="false">/agilestaffordshire/?p=332#comment-517</guid>

					<description><![CDATA[[...] a quick update to welcome people along to Agile Staffordshire for December. Nothing big and technical this month. There will be a lightning talk and some Christmas dinner, we [...]]]></description>
			<content:encoded><![CDATA[<p>[&#8230;] a quick update to welcome people along to Agile Staffordshire for December. Nothing big and technical this month. There will be a lightning talk and some Christmas dinner, we [&#8230;]</p>
]]></content:encoded>
		
			</item>
	</channel>
</rss>
