<?xml version="1.0" encoding="UTF-8"?><rss version="2.0"
	xmlns:content="http://purl.org/rss/1.0/modules/content/"
	xmlns:wfw="http://wellformedweb.org/CommentAPI/"
	xmlns:dc="http://purl.org/dc/elements/1.1/"
	xmlns:atom="http://www.w3.org/2005/Atom"
	xmlns:sy="http://purl.org/rss/1.0/modules/syndication/"
	xmlns:slash="http://purl.org/rss/1.0/modules/slash/"
	
	xmlns:georss="http://www.georss.org/georss"
	xmlns:geo="http://www.w3.org/2003/01/geo/wgs84_pos#"
	>

<channel>
	<title>Aliens &#8211; Agile Staffordshire</title>
	<atom:link href="/category/aliens/feed/" rel="self" type="application/rss+xml" />
	<link>/</link>
	<description>A user group for Agile, XP, Software Craftsmanship and Software Development, based in Stafford</description>
	<lastBuildDate>Mon, 23 Sep 2013 19:57:44 +0000</lastBuildDate>
	<language>en-US</language>
	<sy:updatePeriod>
	hourly	</sy:updatePeriod>
	<sy:updateFrequency>
	1	</sy:updateFrequency>
	<generator>https://wordpress.org/?v=5.6</generator>
<site xmlns="com-wordpress:feed-additions:1">65552214</site>	<item>
		<title>September 2013 &#8211; First Contact</title>
		<link>/agile/september-2013-first-contact/</link>
					<comments>/agile/september-2013-first-contact/#comments</comments>
		
		<dc:creator><![CDATA[Neil Kidd]]></dc:creator>
		<pubDate>Mon, 23 Sep 2013 19:57:44 +0000</pubDate>
				<category><![CDATA[Agile]]></category>
		<category><![CDATA[Aliens]]></category>
		<category><![CDATA[REST]]></category>
		<guid isPermaLink="false">/?p=519</guid>

					<description><![CDATA[Date: Thursday 26th September 2013 Time: 7:00pm Venue: Staffordshire University &#8211; Stafford Campus (K106 &#8211; the Octagon building) &#160; Last month we continued our discussions and began creating the RESTful implementation of our alien invasion game with the creation of the game controller. Continuing with getting the minimal feature set completed, this month we look [&#8230;]]]></description>
		
					<wfw:commentRss>/agile/september-2013-first-contact/feed/</wfw:commentRss>
			<slash:comments>2</slash:comments>
		
		
		<post-id xmlns="com-wordpress:feed-additions:1">519</post-id>	</item>
		<item>
		<title>August 2013 &#8211; Some RESTful coding</title>
		<link>/agile/august-2013-some-restful-coding/</link>
					<comments>/agile/august-2013-some-restful-coding/#comments</comments>
		
		<dc:creator><![CDATA[paulswilliams]]></dc:creator>
		<pubDate>Tue, 27 Aug 2013 19:44:54 +0000</pubDate>
				<category><![CDATA[Agile]]></category>
		<category><![CDATA[Aliens]]></category>
		<guid isPermaLink="false">/?p=511</guid>

					<description><![CDATA[Date: Thursday 29th August 2013 Time: 7:00pm Venue: Staffordshire University – Stafford Campus (K106 – the Octagon building) Following my brief refresher on REST and HTTP verbs, the group started to collaborate on a API designs that would allow Alien Invasion to present a language agnostic interface. Whilst much of this API would be fairly straightforward, the group thought that [&#8230;]]]></description>
		
					<wfw:commentRss>/agile/august-2013-some-restful-coding/feed/</wfw:commentRss>
			<slash:comments>1</slash:comments>
		
		
		<post-id xmlns="com-wordpress:feed-additions:1">511</post-id>	</item>
		<item>
		<title>July 2013 &#8211; Planning</title>
		<link>/agile/july-2013-planning/</link>
					<comments>/agile/july-2013-planning/#respond</comments>
		
		<dc:creator><![CDATA[Neil Kidd]]></dc:creator>
		<pubDate>Thu, 18 Jul 2013 22:41:48 +0000</pubDate>
				<category><![CDATA[Agile]]></category>
		<category><![CDATA[Aliens]]></category>
		<category><![CDATA[Meeting]]></category>
		<guid isPermaLink="false">/?p=481</guid>

					<description><![CDATA[Date: Thursday 25th July 2013 Time: 7:00pm Venue: Staffordshire University &#8211; Stafford Campus (K106 &#8211; the Octagon building) &#160; &#160; &#160; After gaining familiarity with the game in last months game play we will make a high level plan (read: just enough planning) of the approach we will take to make the game server side. [&#8230;]]]></description>
		
					<wfw:commentRss>/agile/july-2013-planning/feed/</wfw:commentRss>
			<slash:comments>0</slash:comments>
		
		
		<post-id xmlns="com-wordpress:feed-additions:1">481</post-id>	</item>
		<item>
		<title>June 2013 &#8211; Alien Invasion Replay</title>
		<link>/agile/june-2013-alien-invasion-replay/</link>
					<comments>/agile/june-2013-alien-invasion-replay/#comments</comments>
		
		<dc:creator><![CDATA[paulswilliams]]></dc:creator>
		<pubDate>Sun, 23 Jun 2013 13:47:36 +0000</pubDate>
				<category><![CDATA[Agile]]></category>
		<category><![CDATA[Aliens]]></category>
		<category><![CDATA[Refactoring]]></category>
		<guid isPermaLink="false">/?p=476</guid>

					<description><![CDATA[Date: Thursday 27th June 2013 Time: 7:00pm start (Please note time change) Venue: Staffordshire University &#8211; Stafford Campus (K102 &#8211; the Octagon building) Following last months session kicking off the Alien Invasion refactoring process, we discovered that a deeper and fresher understanding of the gameplay and strategies to defend earth would hopefully lead to a quicker [&#8230;]]]></description>
		
					<wfw:commentRss>/agile/june-2013-alien-invasion-replay/feed/</wfw:commentRss>
			<slash:comments>2</slash:comments>
		
		
		<post-id xmlns="com-wordpress:feed-additions:1">476</post-id>	</item>
		<item>
		<title>May 2013 &#8211; Back To The Aliens (Take Two)</title>
		<link>/agile/may-2013-back-to-the-aliens-take-two/</link>
					<comments>/agile/may-2013-back-to-the-aliens-take-two/#comments</comments>
		
		<dc:creator><![CDATA[Neil Kidd]]></dc:creator>
		<pubDate>Mon, 13 May 2013 12:48:24 +0000</pubDate>
				<category><![CDATA[Agile]]></category>
		<category><![CDATA[Aliens]]></category>
		<category><![CDATA[Kanban]]></category>
		<category><![CDATA[Meeting]]></category>
		<guid isPermaLink="false">/?p=446</guid>

					<description><![CDATA[Date: Thursday 23rd May 2013 Time: 7:00pm start (Please note time change) Venue: Staffordshire University &#8211; Stafford Campus (K102 &#8211; the Octagon building) &#160; &#160; This month we will (finally) kick-off the Alien Invasion project. Code Repository The repository is a GIT repository and can be found at https://github.com/agilestaffordshire/Alien-Invasion-Coding-Challenge . To work on the code, begin by forking [&#8230;]]]></description>
		
					<wfw:commentRss>/agile/may-2013-back-to-the-aliens-take-two/feed/</wfw:commentRss>
			<slash:comments>1</slash:comments>
		
		
		<post-id xmlns="com-wordpress:feed-additions:1">446</post-id>	</item>
		<item>
		<title>February 2013 – Aliens Kickoff!</title>
		<link>/agile/february-2013-aliens-kickoff/</link>
					<comments>/agile/february-2013-aliens-kickoff/#respond</comments>
		
		<dc:creator><![CDATA[Neil Kidd]]></dc:creator>
		<pubDate>Tue, 19 Feb 2013 22:59:29 +0000</pubDate>
				<category><![CDATA[Agile]]></category>
		<category><![CDATA[Aliens]]></category>
		<category><![CDATA[Meeting]]></category>
		<guid isPermaLink="false">/?p=395</guid>

					<description><![CDATA[Date: Thursday 28th February 2013 Time: 7:30pm start Venue: The Stafford Ale House Location: Google Maps Alien Invasion Kickoff This month we will get started on the Alien Invasion project. The main repository can be found at https://github.com/agilestaffordshire/Alien-Invasion-Coding-Challenge . To work on the code, begin by forking the repo in your own account and work [&#8230;]]]></description>
		
					<wfw:commentRss>/agile/february-2013-aliens-kickoff/feed/</wfw:commentRss>
			<slash:comments>0</slash:comments>
		
		
		<post-id xmlns="com-wordpress:feed-additions:1">395</post-id>	</item>
	</channel>
</rss>
