<?xml version="1.0" encoding="UTF-8"?><rss version="2.0"
	xmlns:content="http://purl.org/rss/1.0/modules/content/"
	xmlns:dc="http://purl.org/dc/elements/1.1/"
	xmlns:atom="http://www.w3.org/2005/Atom"
	xmlns:sy="http://purl.org/rss/1.0/modules/syndication/"
	
	xmlns:georss="http://www.georss.org/georss"
	xmlns:geo="http://www.w3.org/2003/01/geo/wgs84_pos#"
	
	>
<channel>
	<title>
	Comments on: Agile Experiences with BCS North Staffordshire	</title>
	<atom:link href="/events/agile-experiences-with-bcs-north-staffordshire-2/feed/" rel="self" type="application/rss+xml" />
	<link>/events/agile-experiences-with-bcs-north-staffordshire-2/</link>
	<description>A user group for Agile, XP, Software Craftsmanship and Software Development, based in Stafford</description>
	<lastBuildDate>Tue, 20 Aug 2019 10:22:04 +0000</lastBuildDate>
	<sy:updatePeriod>
	hourly	</sy:updatePeriod>
	<sy:updateFrequency>
	1	</sy:updateFrequency>
	<generator>https://wordpress.org/?v=5.6</generator>
</channel>
</rss>
