<?xml version="1.0" encoding="UTF-8"?><rss version="2.0"
	xmlns:content="http://purl.org/rss/1.0/modules/content/"
	xmlns:dc="http://purl.org/dc/elements/1.1/"
	xmlns:atom="http://www.w3.org/2005/Atom"
	xmlns:sy="http://purl.org/rss/1.0/modules/syndication/"
	
	xmlns:georss="http://www.georss.org/georss"
	xmlns:geo="http://www.w3.org/2003/01/geo/wgs84_pos#"
	
	>
<channel>
	<title>
	Comments on: F# and Functional Programming Wrap-up	</title>
	<atom:link href="/agilestaffordshire/meeting-2/f-and-functional-programming-wrap-up/feed/" rel="self" type="application/rss+xml" />
	<link>/agilestaffordshire/meeting-2/f-and-functional-programming-wrap-up/</link>
	<description>A user group for Agile, XP, Software Craftsmanship and Software Development, based in Stafford</description>
	<lastBuildDate>Fri, 05 Sep 2014 20:27:26 +0000</lastBuildDate>
	<sy:updatePeriod>
	hourly	</sy:updatePeriod>
	<sy:updateFrequency>
	1	</sy:updateFrequency>
	<generator>https://wordpress.org/?v=5.6</generator>
	<item>
		<title>
		By: tortillisgroup		</title>
		<link>/agilestaffordshire/meeting-2/f-and-functional-programming-wrap-up/#comment-48424</link>

		<dc:creator><![CDATA[tortillisgroup]]></dc:creator>
		<pubDate>Fri, 05 Sep 2014 20:27:26 +0000</pubDate>
		<guid isPermaLink="false">/agilestaffordshire/?p=696#comment-48424</guid>

					<description><![CDATA[Thanks and i am looking forward to read more .:-)]]></description>
			<content:encoded><![CDATA[<p>Thanks and i am looking forward to read more .:-)</p>
]]></content:encoded>
		
			</item>
	</channel>
</rss>
