<?xml version="1.0" encoding="UTF-8"?><rss version="2.0"
	xmlns:content="http://purl.org/rss/1.0/modules/content/"
	xmlns:wfw="http://wellformedweb.org/CommentAPI/"
	xmlns:dc="http://purl.org/dc/elements/1.1/"
	xmlns:atom="http://www.w3.org/2005/Atom"
	xmlns:sy="http://purl.org/rss/1.0/modules/syndication/"
	xmlns:slash="http://purl.org/rss/1.0/modules/slash/"
	
	xmlns:georss="http://www.georss.org/georss"
	xmlns:geo="http://www.w3.org/2003/01/geo/wgs84_pos#"
	>

<channel>
	<title>Refactoring &#8211; Agile Staffordshire</title>
	<atom:link href="/category/refactoring/feed/" rel="self" type="application/rss+xml" />
	<link>/</link>
	<description>A user group for Agile, XP, Software Craftsmanship and Software Development, based in Stafford</description>
	<lastBuildDate>Thu, 26 Jun 2014 12:10:11 +0000</lastBuildDate>
	<language>en-US</language>
	<sy:updatePeriod>
	hourly	</sy:updatePeriod>
	<sy:updateFrequency>
	1	</sy:updateFrequency>
	<generator>https://wordpress.org/?v=5.6</generator>
<site xmlns="com-wordpress:feed-additions:1">65552214</site>	<item>
		<title>June 2014 &#8211; Is TDD Dead?</title>
		<link>/agile/june-2014-is-tdd-dead/</link>
					<comments>/agile/june-2014-is-tdd-dead/#comments</comments>
		
		<dc:creator><![CDATA[Jon Willis]]></dc:creator>
		<pubDate>Thu, 19 Jun 2014 21:07:19 +0000</pubDate>
				<category><![CDATA[Agile]]></category>
		<category><![CDATA[Kata]]></category>
		<category><![CDATA[Meeting]]></category>
		<category><![CDATA[Programming]]></category>
		<category><![CDATA[Refactoring]]></category>
		<category><![CDATA[Retrospectives]]></category>
		<category><![CDATA[Testing]]></category>
		<guid isPermaLink="false">/?p=671</guid>

					<description><![CDATA[Date: Thursday 26th June 2014 Time: 19:00 Venue: Staffordshire University – Stafford Campus (Octagon building, K102) Fear not, TDD is not dead, although it&#8217;s certainly been talked to death this month. This catchy title has been doing the rounds on the web recently since the Kent Beck + Martin Fowler + David Heinemeier Hansson talks. This month we are going to [&#8230;]]]></description>
		
					<wfw:commentRss>/agile/june-2014-is-tdd-dead/feed/</wfw:commentRss>
			<slash:comments>2</slash:comments>
		
		
		<post-id xmlns="com-wordpress:feed-additions:1">671</post-id>	</item>
		<item>
		<title>Anagram Kata (Strikes Back)</title>
		<link>/kata/anagram-kata-strikes-back/</link>
					<comments>/kata/anagram-kata-strikes-back/#comments</comments>
		
		<dc:creator><![CDATA[Trevor Adams]]></dc:creator>
		<pubDate>Thu, 13 Mar 2014 22:59:07 +0000</pubDate>
				<category><![CDATA[Kata]]></category>
		<category><![CDATA[Programming]]></category>
		<category><![CDATA[Refactoring]]></category>
		<guid isPermaLink="false">/?p=631</guid>

					<description><![CDATA[Date: Thursday 27th March 2014 Time: 19:00 Venue: Staffordshire University – Stafford Campus (Octagon building, K102) March is all about code kata. We shall be visiting a kata that has been run before &#8211; Anagram! If you do not know what code kata is, start with Dave&#8217;s Blog and then read his anagram kata post. We like change, so consider [&#8230;]]]></description>
		
					<wfw:commentRss>/kata/anagram-kata-strikes-back/feed/</wfw:commentRss>
			<slash:comments>1</slash:comments>
		
		
		<post-id xmlns="com-wordpress:feed-additions:1">631</post-id>	</item>
		<item>
		<title>June 2013 &#8211; Alien Invasion Replay</title>
		<link>/agile/june-2013-alien-invasion-replay/</link>
					<comments>/agile/june-2013-alien-invasion-replay/#comments</comments>
		
		<dc:creator><![CDATA[paulswilliams]]></dc:creator>
		<pubDate>Sun, 23 Jun 2013 13:47:36 +0000</pubDate>
				<category><![CDATA[Agile]]></category>
		<category><![CDATA[Aliens]]></category>
		<category><![CDATA[Refactoring]]></category>
		<guid isPermaLink="false">/?p=476</guid>

					<description><![CDATA[Date: Thursday 27th June 2013 Time: 7:00pm start (Please note time change) Venue: Staffordshire University &#8211; Stafford Campus (K102 &#8211; the Octagon building) Following last months session kicking off the Alien Invasion refactoring process, we discovered that a deeper and fresher understanding of the gameplay and strategies to defend earth would hopefully lead to a quicker [&#8230;]]]></description>
		
					<wfw:commentRss>/agile/june-2013-alien-invasion-replay/feed/</wfw:commentRss>
			<slash:comments>2</slash:comments>
		
		
		<post-id xmlns="com-wordpress:feed-additions:1">476</post-id>	</item>
		<item>
		<title>January 2013 – Refactoring legacy code</title>
		<link>/kata/january-2013-refactoring-legacy-code/</link>
					<comments>/kata/january-2013-refactoring-legacy-code/#respond</comments>
		
		<dc:creator><![CDATA[paulswilliams]]></dc:creator>
		<pubDate>Sun, 13 Jan 2013 13:11:16 +0000</pubDate>
				<category><![CDATA[Kata]]></category>
		<category><![CDATA[Refactoring]]></category>
		<category><![CDATA[Software Craftsmanship]]></category>
		<guid isPermaLink="false">/?p=358</guid>

					<description><![CDATA[Date: Thursday 31st January 2013 Time: 7:30pm start Venue: The Stafford Ale House Location: Google Maps Why Refactoring? Well, a Happy New Year to one and all! Over the last few sessions, we&#8217;ve discussed The Alien Invasion project muted for 2013 &#8211; this project aims to change the implementation of the original Alien Invasion Challenge to support language [&#8230;]]]></description>
		
					<wfw:commentRss>/kata/january-2013-refactoring-legacy-code/feed/</wfw:commentRss>
			<slash:comments>0</slash:comments>
		
		
		<post-id xmlns="com-wordpress:feed-additions:1">358</post-id>	</item>
	</channel>
</rss>
